--
-- PostgreSQL database dump
--

-- Dumped from database version 12.17 (Ubuntu 12.17-1.pgdg22.04+1)
-- Dumped by pg_dump version 12.17 (Ubuntu 12.17-1.pgdg22.04+1)

SET statement_timeout = 0;
SET lock_timeout = 0;
SET idle_in_transaction_session_timeout = 0;
SET client_encoding = 'UTF8';
SET standard_conforming_strings = on;
SELECT pg_catalog.set_config('search_path', '', false);
SET check_function_bodies = false;
SET xmloption = content;
SET client_min_messages = warning;
SET row_security = off;

DROP DATABASE universe;
--
-- Name: universe; Type: DATABASE; Schema: -; Owner: freecodecamp
--

CREATE DATABASE universe WITH TEMPLATE = template0 ENCODING = 'UTF8' LC_COLLATE = 'C.UTF-8' LC_CTYPE = 'C.UTF-8';


ALTER DATABASE universe OWNER TO freecodecamp;

\connect universe

SET statement_timeout = 0;
SET lock_timeout = 0;
SET idle_in_transaction_session_timeout = 0;
SET client_encoding = 'UTF8';
SET standard_conforming_strings = on;
SELECT pg_catalog.set_config('search_path', '', false);
SET check_function_bodies = false;
SET xmloption = content;
SET client_min_messages = warning;
SET row_security = off;

SET default_tablespace = '';

SET default_table_access_method = heap;

--
-- Name: galaxy; Type: TABLE; Schema: public; Owner: freecodecamp
--

CREATE TABLE public.galaxy (
    galaxy_id integer NOT NULL,
    has_life integer,
    is_spherical integer,
    age_in_millions_of_years numeric(6,2),
    name character varying(40) NOT NULL,
    description text,
    bool1 boolean,
    bool2 boolean
);


ALTER TABLE public.galaxy OWNER TO freecodecamp;

--
-- Name: galaxy_id_seq; Type: SEQUENCE; Schema: public; Owner: freecodecamp
--

CREATE SEQUENCE public.galaxy_id_seq
    AS integer
    START WITH 1
    INCREMENT BY 1
    NO MINVALUE
    NO MAXVALUE
    CACHE 1;


ALTER TABLE public.galaxy_id_seq OWNER TO freecodecamp;

--
-- Name: galaxy_id_seq; Type: SEQUENCE OWNED BY; Schema: public; Owner: freecodecamp
--

ALTER SEQUENCE public.galaxy_id_seq OWNED BY public.galaxy.galaxy_id;


--
-- Name: info; Type: TABLE; Schema: public; Owner: freecodecamp
--

CREATE TABLE public.info (
    info_id integer NOT NULL,
    name character varying(40),
    star_id integer NOT NULL,
    description text,
    has_life integer
);


ALTER TABLE public.info OWNER TO freecodecamp;

--
-- Name: info_info_id_seq; Type: SEQUENCE; Schema: public; Owner: freecodecamp
--

CREATE SEQUENCE public.info_info_id_seq
    AS integer
    START WITH 1
    INCREMENT BY 1
    NO MINVALUE
    NO MAXVALUE
    CACHE 1;


ALTER TABLE public.info_info_id_seq OWNER TO freecodecamp;

--
-- Name: info_info_id_seq; Type: SEQUENCE OWNED BY; Schema: public; Owner: freecodecamp
--

ALTER SEQUENCE public.info_info_id_seq OWNED BY public.info.info_id;


--
-- Name: moon; Type: TABLE; Schema: public; Owner: freecodecamp
--

CREATE TABLE public.moon (
    moon_id integer NOT NULL,
    name character varying(40),
    planet_id integer NOT NULL,
    description text,
    has_life integer
);


ALTER TABLE public.moon OWNER TO freecodecamp;

--
-- Name: moon_id_seq; Type: SEQUENCE; Schema: public; Owner: freecodecamp
--

CREATE SEQUENCE public.moon_id_seq
    AS integer
    START WITH 1
    INCREMENT BY 1
    NO MINVALUE
    NO MAXVALUE
    CACHE 1;


ALTER TABLE public.moon_id_seq OWNER TO freecodecamp;

--
-- Name: moon_id_seq; Type: SEQUENCE OWNED BY; Schema: public; Owner: freecodecamp
--

ALTER SEQUENCE public.moon_id_seq OWNED BY public.moon.moon_id;


--
-- Name: planet; Type: TABLE; Schema: public; Owner: freecodecamp
--

CREATE TABLE public.planet (
    planet_id integer NOT NULL,
    name character varying(40),
    star_id integer NOT NULL,
    description text,
    has_life integer
);


ALTER TABLE public.planet OWNER TO freecodecamp;

--
-- Name: planet_id_seq; Type: SEQUENCE; Schema: public; Owner: freecodecamp
--

CREATE SEQUENCE public.planet_id_seq
    AS integer
    START WITH 1
    INCREMENT BY 1
    NO MINVALUE
    NO MAXVALUE
    CACHE 1;


ALTER TABLE public.planet_id_seq OWNER TO freecodecamp;

--
-- Name: planet_id_seq; Type: SEQUENCE OWNED BY; Schema: public; Owner: freecodecamp
--

ALTER SEQUENCE public.planet_id_seq OWNED BY public.planet.planet_id;


--
-- Name: star; Type: TABLE; Schema: public; Owner: freecodecamp
--

CREATE TABLE public.star (
    star_id integer NOT NULL,
    name character varying(40),
    galaxy_id integer NOT NULL,
    description text,
    has_life integer
);


ALTER TABLE public.star OWNER TO freecodecamp;

--
-- Name: star_id_seq; Type: SEQUENCE; Schema: public; Owner: freecodecamp
--

CREATE SEQUENCE public.star_id_seq
    AS integer
    START WITH 1
    INCREMENT BY 1
    NO MINVALUE
    NO MAXVALUE
    CACHE 1;


ALTER TABLE public.star_id_seq OWNER TO freecodecamp;

--
-- Name: star_id_seq; Type: SEQUENCE OWNED BY; Schema: public; Owner: freecodecamp
--

ALTER SEQUENCE public.star_id_seq OWNED BY public.star.star_id;


--
-- Name: galaxy galaxy_id; Type: DEFAULT; Schema: public; Owner: freecodecamp
--

ALTER TABLE ONLY public.galaxy ALTER COLUMN galaxy_id SET DEFAULT nextval('public.galaxy_id_seq'::regclass);


--
-- Name: info info_id; Type: DEFAULT; Schema: public; Owner: freecodecamp
--

ALTER TABLE ONLY public.info ALTER COLUMN info_id SET DEFAULT nextval('public.info_info_id_seq'::regclass);


--
-- Name: moon moon_id; Type: DEFAULT; Schema: public; Owner: freecodecamp
--

ALTER TABLE ONLY public.moon ALTER COLUMN moon_id SET DEFAULT nextval('public.moon_id_seq'::regclass);


--
-- Name: planet planet_id; Type: DEFAULT; Schema: public; Owner: freecodecamp
--

ALTER TABLE ONLY public.planet ALTER COLUMN planet_id SET DEFAULT nextval('public.planet_id_seq'::regclass);


--
-- Name: star star_id; Type: DEFAULT; Schema: public; Owner: freecodecamp
--

ALTER TABLE ONLY public.star ALTER COLUMN star_id SET DEFAULT nextval('public.star_id_seq'::regclass);


--
-- Data for Name: galaxy; Type: TABLE DATA; Schema: public; Owner: freecodecamp
--

INSERT INTO public.galaxy VALUES (1, NULL, NULL, NULL, 'gala1', NULL, NULL, NULL);
INSERT INTO public.galaxy VALUES (2, NULL, NULL, NULL, 'gala2', NULL, NULL, NULL);
INSERT INTO public.galaxy VALUES (3, NULL, NULL, NULL, 'gala3', NULL, NULL, NULL);
INSERT INTO public.galaxy VALUES (4, NULL, NULL, NULL, 'gala4', NULL, NULL, NULL);
INSERT INTO public.galaxy VALUES (5, NULL, NULL, NULL, 'gala5', NULL, NULL, NULL);
INSERT INTO public.galaxy VALUES (6, NULL, NULL, NULL, 'gala6', NULL, NULL, NULL);


--
-- Data for Name: info; Type: TABLE DATA; Schema: public; Owner: freecodecamp
--

INSERT INTO public.info VALUES (1, 'info1', 1, NULL, NULL);
INSERT INTO public.info VALUES (2, 'info2', 2, NULL, NULL);
INSERT INTO public.info VALUES (3, 'info3', 3, NULL, NULL);


--
-- Data for Name: moon; Type: TABLE DATA; Schema: public; Owner: freecodecamp
--

INSERT INTO public.moon VALUES (1, 'moon1', 1, NULL, NULL);
INSERT INTO public.moon VALUES (2, 'moon2', 2, NULL, NULL);
INSERT INTO public.moon VALUES (3, 'moon3', 3, NULL, NULL);
INSERT INTO public.moon VALUES (21, 'moon4', 3, NULL, NULL);
INSERT INTO public.moon VALUES (22, 'moon5', 3, NULL, NULL);
INSERT INTO public.moon VALUES (23, 'moon6', 3, NULL, NULL);
INSERT INTO public.moon VALUES (24, 'moon7', 1, NULL, NULL);
INSERT INTO public.moon VALUES (25, 'moon8', 2, NULL, NULL);
INSERT INTO public.moon VALUES (26, 'moon9', 3, NULL, NULL);
INSERT INTO public.moon VALUES (27, 'moon10', 3, NULL, NULL);
INSERT INTO public.moon VALUES (28, 'moon11', 1, NULL, NULL);
INSERT INTO public.moon VALUES (29, 'moon12', 2, NULL, NULL);
INSERT INTO public.moon VALUES (30, 'moon13', 3, NULL, NULL);
INSERT INTO public.moon VALUES (31, 'moon14', 3, NULL, NULL);
INSERT INTO public.moon VALUES (32, 'moon15', 1, NULL, NULL);
INSERT INTO public.moon VALUES (33, 'moon16', 2, NULL, NULL);
INSERT INTO public.moon VALUES (34, 'moon17', 3, NULL, NULL);
INSERT INTO public.moon VALUES (35, 'moon18', 1, NULL, NULL);
INSERT INTO public.moon VALUES (36, 'moon19', 2, NULL, NULL);
INSERT INTO public.moon VALUES (37, 'moon20', 3, NULL, NULL);


--
-- Data for Name: planet; Type: TABLE DATA; Schema: public; Owner: freecodecamp
--

INSERT INTO public.planet VALUES (1, 'pla1', 1, NULL, NULL);
INSERT INTO public.planet VALUES (2, 'pla2', 2, NULL, NULL);
INSERT INTO public.planet VALUES (3, 'pla3', 3, NULL, NULL);
INSERT INTO public.planet VALUES (13, 'pla4', 4, NULL, NULL);
INSERT INTO public.planet VALUES (14, 'pla5', 5, NULL, NULL);
INSERT INTO public.planet VALUES (15, 'pla6', 6, NULL, NULL);
INSERT INTO public.planet VALUES (16, 'pla7', 1, NULL, NULL);
INSERT INTO public.planet VALUES (17, 'pla8', 2, NULL, NULL);
INSERT INTO public.planet VALUES (18, 'pla9', 3, NULL, NULL);
INSERT INTO public.planet VALUES (19, 'pla10', 4, NULL, NULL);
INSERT INTO public.planet VALUES (20, 'pla11', 5, NULL, NULL);
INSERT INTO public.planet VALUES (21, 'pla12', 6, NULL, NULL);


--
-- Data for Name: star; Type: TABLE DATA; Schema: public; Owner: freecodecamp
--

INSERT INTO public.star VALUES (1, 'star1', 1, NULL, NULL);
INSERT INTO public.star VALUES (2, 'star2', 2, NULL, NULL);
INSERT INTO public.star VALUES (3, 'star3', 3, NULL, NULL);
INSERT INTO public.star VALUES (4, 'star4', 4, NULL, NULL);
INSERT INTO public.star VALUES (5, 'star5', 5, NULL, NULL);
INSERT INTO public.star VALUES (6, 'star6', 6, NULL, NULL);


--
-- Name: galaxy_id_seq; Type: SEQUENCE SET; Schema: public; Owner: freecodecamp
--

SELECT pg_catalog.setval('public.galaxy_id_seq', 6, true);


--
-- Name: info_info_id_seq; Type: SEQUENCE SET; Schema: public; Owner: freecodecamp
--

SELECT pg_catalog.setval('public.info_info_id_seq', 3, true);


--
-- Name: moon_id_seq; Type: SEQUENCE SET; Schema: public; Owner: freecodecamp
--

SELECT pg_catalog.setval('public.moon_id_seq', 37, true);


--
-- Name: planet_id_seq; Type: SEQUENCE SET; Schema: public; Owner: freecodecamp
--

SELECT pg_catalog.setval('public.planet_id_seq', 21, true);


--
-- Name: star_id_seq; Type: SEQUENCE SET; Schema: public; Owner: freecodecamp
--

SELECT pg_catalog.setval('public.star_id_seq', 6, true);


--
-- Name: galaxy galaxy_name_key; Type: CONSTRAINT; Schema: public; Owner: freecodecamp
--

ALTER TABLE ONLY public.galaxy
    ADD CONSTRAINT galaxy_name_key UNIQUE (name);


--
-- Name: galaxy galaxy_pkey; Type: CONSTRAINT; Schema: public; Owner: freecodecamp
--

ALTER TABLE ONLY public.galaxy
    ADD CONSTRAINT galaxy_pkey PRIMARY KEY (galaxy_id);


--
-- Name: info info_name_key; Type: CONSTRAINT; Schema: public; Owner: freecodecamp
--

ALTER TABLE ONLY public.info
    ADD CONSTRAINT info_name_key UNIQUE (name);


--
-- Name: info info_pkey; Type: CONSTRAINT; Schema: public; Owner: freecodecamp
--

ALTER TABLE ONLY public.info
    ADD CONSTRAINT info_pkey PRIMARY KEY (info_id);


--
-- Name: moon moon_name_key; Type: CONSTRAINT; Schema: public; Owner: freecodecamp
--

ALTER TABLE ONLY public.moon
    ADD CONSTRAINT moon_name_key UNIQUE (name);


--
-- Name: moon moon_pkey; Type: CONSTRAINT; Schema: public; Owner: freecodecamp
--

ALTER TABLE ONLY public.moon
    ADD CONSTRAINT moon_pkey PRIMARY KEY (moon_id);


--
-- Name: planet planet_name_key; Type: CONSTRAINT; Schema: public; Owner: freecodecamp
--

ALTER TABLE ONLY public.planet
    ADD CONSTRAINT planet_name_key UNIQUE (name);


--
-- Name: planet planet_pkey; Type: CONSTRAINT; Schema: public; Owner: freecodecamp
--

ALTER TABLE ONLY public.planet
    ADD CONSTRAINT planet_pkey PRIMARY KEY (planet_id);


--
-- Name: star star_name_key; Type: CONSTRAINT; Schema: public; Owner: freecodecamp
--

ALTER TABLE ONLY public.star
    ADD CONSTRAINT star_name_key UNIQUE (name);


--
-- Name: star star_pkey; Type: CONSTRAINT; Schema: public; Owner: freecodecamp
--

ALTER TABLE ONLY public.star
    ADD CONSTRAINT star_pkey PRIMARY KEY (star_id);


--
-- Name: moon moon_planet_id_fkey; Type: FK CONSTRAINT; Schema: public; Owner: freecodecamp
--

ALTER TABLE ONLY public.moon
    ADD CONSTRAINT moon_planet_id_fkey FOREIGN KEY (planet_id) REFERENCES public.planet(planet_id);


--
-- Name: planet planet_star_id_fkey; Type: FK CONSTRAINT; Schema: public; Owner: freecodecamp
--

ALTER TABLE ONLY public.planet
    ADD CONSTRAINT planet_star_id_fkey FOREIGN KEY (star_id) REFERENCES public.star(star_id);


--
-- Name: star star_galaxy_id_fkey; Type: FK CONSTRAINT; Schema: public; Owner: freecodecamp
--

ALTER TABLE ONLY public.star
    ADD CONSTRAINT star_galaxy_id_fkey FOREIGN KEY (galaxy_id) REFERENCES public.galaxy(galaxy_id);


--
-- PostgreSQL database dump complete
--

